{
  "best_params": {
    "clf__C": 2.0
  },
  "report": {
    "ham": {
      "precision": 0.9917269906928645,
      "recall": 0.9927536231884058,
      "f1-score": 0.992240041386446,
      "support": 966.0
    },
    "spam": {
      "precision": 0.9527027027027027,
      "recall": 0.9463087248322147,
      "f1-score": 0.9494949494949495,
      "support": 149.0
    },
    "accuracy": 0.9865470852017937,
    "macro avg": {
      "precision": 0.9722148466977836,
      "recall": 0.9695311740103103,
      "f1-score": 0.9708674954406977,
      "support": 1115.0
    },
    "weighted avg": {
      "precision": 0.9865120858403674,
      "recall": 0.9865470852017937,
      "f1-score": 0.9865279169991518,
      "support": 1115.0
    }
  }
}